launch_id,name,date,rocket_id,launchpad_id,success,failures,ships,capsules,payloads,cores,fairings_reused,fairings_recovery_attempts,fairings_recovered
5eb87cd9ffd86e000604b32a,FalconSat,2006-03-24T22:30:00.000Z,5e9d0d95eda69955f709d1eb,5e9e4502f5090995de566f86,False,['merlin engine failure'],[],[],['5eb0e4b5b6c3bb0006eeb1e1'],"[{'core': '5e9e289df35918033d3b2623', 'flight': 1, 'gridfins': False, 'legs': False, 'reused': False, 'landing_attempt': False, 'landing_success': None, 'landing_type': None, 'landpad': None}]",False,False,False
5eb87cdaffd86e000604b32b,DemoSat,2007-03-21T01:10:00.000Z,5e9d0d95eda69955f709d1eb,5e9e4502f5090995de566f86,False,['harmonic oscillation leading to premature engine shutdown'],[],[],['5eb0e4b6b6c3bb0006eeb1e2'],"[{'core': '5e9e289ef35918416a3b2624', 'flight': 1, 'gridfins': False, 'legs': False, 'reused': False, 'landing_attempt': False, 'landing_success': None, 'landing_type': None, 'landpad': None}]",False,False,False
5eb87cdbffd86e000604b32c,Trailblazer,2008-08-02T03:34:00.000Z,5e9d0d95eda69955f709d1eb,5e9e4502f5090995de566f86,False,['residual stage-1 thrust led to collision between stage 1 and stage 2'],[],[],"['5eb0e4b6b6c3bb0006eeb1e3', '5eb0e4b6b6c3bb0006eeb1e4']","[{'core': '5e9e289ef3591814873b2625', 'flight': 1, 'gridfins': False, 'legs': False, 'reused': False, 'landing_attempt': False, 'landing_success': None, 'landing_type': None, 'landpad': None}]",False,False,False
5eb87cdbffd86e000604b32d,RatSat,2008-09-28T23:15:00.000Z,5e9d0d95eda69955f709d1eb,5e9e4502f5090995de566f86,True,[],[],[],['5eb0e4b7b6c3bb0006eeb1e5'],"[{'core': '5e9e289ef3591855dc3b2626', 'flight': 1, 'gridfins': False, 'legs': False, 'reused': False, 'landing_attempt': False, 'landing_success': None, 'landing_type': None, 'landpad': None}]",False,False,False
5eb87cdcffd86e000604b32e,RazakSat,2009-07-13T03:35:00.000Z,5e9d0d95eda69955f709d1eb,5e9e4502f5090995de566f86,True,[],[],[],['5eb0e4b7b6c3bb0006eeb1e6'],"[{'core': '5e9e289ef359184f103b2627', 'flight': 1, 'gridfins': False, 'legs': False, 'reused': False, 'landing_attempt': False, 'landing_success': None, 'landing_type': None, 'landpad': None}]",False,False,False
5eb87cddffd86e000604b32f,Falcon 9 Test Flight,2010-06-04T18:45:00.000Z,5e9d0d95eda69973a809d1ec,5e9e4501f509094ba4566f84,True,[],[],[],['5eb0e4b7b6c3bb0006eeb1e7'],"[{'core': '5e9e289ef359185f2b3b2628', 'flight': 1, 'gridfins': False, 'legs': False, 'reused': False, 'landing_attempt': False, 'landing_success': None, 'landing_type': None, 'landpad': None}]",,,
5eb87cdeffd86e000604b330,COTS 1,2010-12-08T15:43:00.000Z,5e9d0d95eda69973a809d1ec,5e9e4501f509094ba4566f84,True,[],['5ea6ed2d080df4000697c901'],['5e9e2c5bf35918ed873b2664'],"['5eb0e4b9b6c3bb0006eeb1e8', '5eb0e4b9b6c3bb0006eeb1e9']","[{'core': '5e9e289ef35918187c3b2629', 'flight': 1, 'gridfins': False, 'legs': False, 'reused': False, 'landing_attempt': False, 'landing_success': None, 'landing_type': None, 'landpad': None}]",None,None,None
5eb87cdfffd86e000604b331,COTS 2,2012-05-22T07:44:00.000Z,5e9d0d95eda69973a809d1ec,5e9e4501f509094ba4566f84,True,[],['5ea6ed2d080df4000697c901'],['5e9e2c5bf3591882af3b2665'],['5eb0e4bab6c3bb0006eeb1ea'],"[{'core': '5e9e289ef35918f39c3b262a', 'flight': 1, 'gridfins': False, 'legs': False, 'reused': False, 'landing_attempt': False, 'landing_success': None, 'landing_type': None, 'landpad': None}]",None,None,None
5eb87ce0ffd86e000604b332,CRS-1,2012-10-08T00:35:00.000Z,5e9d0d95eda69973a809d1ec,5e9e4501f509094ba4566f84,True,[],['5ea6ed2d080df4000697c902'],['5e9e2c5bf3591835983b2666'],"['5eb0e4bab6c3bb0006eeb1eb', '5eb0e4bab6c3bb0006eeb1ec']","[{'core': '5e9e289ff3591821a73b262b', 'flight': 1, 'gridfins': False, 'legs': False, 'reused': False, 'landing_attempt': False, 'landing_success': None, 'landing_type': None, 'landpad': None}]",None,None,None
5eb87ce1ffd86e000604b333,CRS-2,2013-03-01T19:10:00.000Z,5e9d0d95eda69973a809d1ec,5e9e4501f509094ba4566f84,True,[],['5ea6ed2d080df4000697c902'],['5e9e2c5bf359189ef23b2667'],['5eb0e4bbb6c3bb0006eeb1ed'],"[{'core': '5e9e289ff3591884e03b262c', 'flight': 1, 'gridfins': False, 'legs': False, 'reused': False, 'landing_attempt': False, 'landing_success': None, 'landing_type': None, 'landpad': None}]",None,None,None
5eb87ce1ffd86e000604b334,CASSIOPE,2013-09-29T16:00:00.000Z,5e9d0d95eda69973a809d1ec,5e9e4502f509092b78566f87,True,[],['5ea6ed2d080df4000697c903'],[],['5eb0e4bbb6c3bb0006eeb1ee'],"[{'core': '5e9e289ff359180ae23b262d', 'flight': 1, 'gridfins': False, 'legs': False, 'reused': False, 'landing_attempt': True, 'landing_success': False, 'landing_type': 'Ocean', 'landpad': None}]",False,False,False
5eb87ce2ffd86e000604b335,SES-8,2013-12-03T22:41:00.000Z,5e9d0d95eda69973a809d1ec,5e9e4501f509094ba4566f84,True,[],[],[],['5eb0e4bbb6c3bb0006eeb1ef'],"[{'core': '5e9e289ff35918862c3b262e', 'flight': 1, 'gridfins': False, 'legs': False, 'reused': False, 'landing_attempt': False, 'landing_success': None, 'landing_type': None, 'landpad': None}]",False,False,False
5eb87ce3ffd86e000604b336,Thaicom 6,2014-01-06T18:06:00.000Z,5e9d0d95eda69973a809d1ec,5e9e4501f509094ba4566f84,True,[],[],[],['5eb0e4bbb6c3bb0006eeb1f0'],"[{'core': '5e9e289ff3591878603b262f', 'flight': 1, 'gridfins': False, 'legs': False, 'reused': False, 'landing_attempt': False, 'landing_success': None, 'landing_type': None, 'landpad': None}]",False,False,False
5eb87ce4ffd86e000604b337,CRS-3,2014-04-18T19:25:00.000Z,5e9d0d95eda69973a809d1ec,5e9e4501f509094ba4566f84,True,[],['5ea6ed2d080df4000697c902'],['5e9e2c5bf3591859a63b2668'],['5eb0e4bbb6c3bb0006eeb1f1'],"[{'core': '5e9e289ff3591829343b2630', 'flight': 1, 'gridfins': False, 'legs': True, 'reused': False, 'landing_attempt': True, 'landing_success': True, 'landing_type': 'Ocean', 'landpad': None}]",None,None,None
5eb87ce4ffd86e000604b338,OG-2 Mission 1,2014-07-14T15:15:00.000Z,5e9d0d95eda69973a809d1ec,5e9e4501f509094ba4566f84,True,[],[],[],['5eb0e4bcb6c3bb0006eeb1f2'],"[{'core': '5e9e28a0f3591870a63b2631', 'flight': 1, 'gridfins': False, 'legs': True, 'reused': False, 'landing_attempt': True, 'landing_success': True, 'landing_type': 'Ocean', 'landpad': None}]",False,False,False
5eb87ce5ffd86e000604b339,AsiaSat 8,2014-08-05T08:00:00.000Z,5e9d0d95eda69973a809d1ec,5e9e4501f509094ba4566f84,True,[],[],[],['5eb0e4bcb6c3bb0006eeb1f3'],"[{'core': '5e9e28a0f359186e2e3b2632', 'flight': 1, 'gridfins': False, 'legs': False, 'reused': False, 'landing_attempt': False, 'landing_success': None, 'landing_type': None, 'landpad': None}]",False,False,False
5eb87ce6ffd86e000604b33a,AsiaSat 6,2014-09-07T05:00:00.000Z,5e9d0d95eda69973a809d1ec,5e9e4501f509094ba4566f84,True,[],[],[],['5eb0e4bcb6c3bb0006eeb1f4'],"[{'core': '5e9e28a0f35918b1bc3b2633', 'flight': 1, 'gridfins': False, 'legs': False, 'reused': False, 'landing_attempt': False, 'landing_success': None, 'landing_type': None, 'landpad': None}]",False,False,False
5eb87ce7ffd86e000604b33b,CRS-4,2014-09-21T05:52:00.000Z,5e9d0d95eda69973a809d1ec,5e9e4501f509094ba4566f84,True,[],['5ea6ed2d080df4000697c902'],['5e9e2c5bf3591880643b2669'],['5eb0e4bcb6c3bb0006eeb1f5'],"[{'core': '5e9e28a0f359184a683b2634', 'flight': 1, 'gridfins': False, 'legs': False, 'reused': False, 'landing_attempt': True, 'landing_success': False, 'landing_type': 'Ocean', 'landpad': None}]",None,None,None
5eb87ce8ffd86e000604b33c,CRS-5,2015-01-10T09:47:00.000Z,5e9d0d95eda69973a809d1ec,5e9e4501f509094ba4566f84,True,[],"['5ea6ed2e080df4000697c906', '5ea6ed2f080df4000697c90b', '5ea6ed2f080df4000697c90c', '5ea6ed2f080df4000697c90f', '5ea6ed30080df4000697c912']",['5e9e2c5bf35918165f3b266a'],['5eb0e4bdb6c3bb0006eeb1f6'],"[{'core': '5e9e28a0f359187a3c3b2635', 'flight': 1, 'gridfins': True, 'legs': True, 'reused': False, 'landing_attempt': True, 'landing_success': False, 'landing_type': 'ASDS', 'landpad': '5e9e3032383ecb761634e7cb'}]",None,None,None
5eb87ceaffd86e000604b33d,DSCOVR,2015-02-11T23:03:00.000Z,5e9d0d95eda69973a809d1ec,5e9e4501f509094ba4566f84,True,[],"['5ea6ed2e080df4000697c906', '5ea6ed2f080df4000697c90b', '5ea6ed2f080df4000697c90c']",[],['5eb0e4bdb6c3bb0006eeb1f7'],"[{'core': '5e9e28a0f3591885be3b2636', 'flight': 1, 'gridfins': True, 'legs': True, 'reused': False, 'landing_attempt': True, 'landing_success': True, 'landing_type': 'Ocean', 'landpad': None}]",False,False,False
5eb87ceaffd86e000604b33e,ABS-3A / Eutelsat 115W B,2015-03-02T03:50:00.000Z,5e9d0d95eda69973a809d1ec,5e9e4501f509094ba4566f84,True,[],[],[],"['5eb0e4bdb6c3bb0006eeb1f8', '5eb0e4bdb6c3bb0006eeb1f9']","[{'core': '5e9e28a0f35918c0893b2637', 'flight': 1, 'gridfins': False, 'legs': False, 'reused': False, 'landing_attempt': False, 'landing_success': None, 'landing_type': None, 'landpad': None}]",False,False,False
5eb87cecffd86e000604b33f,CRS-6,2015-04-14T20:10:00.000Z,5e9d0d95eda69973a809d1ec,5e9e4501f509094ba4566f84,True,[],"['5ea6ed2e080df4000697c906', '5ea6ed2f080df4000697c90b', '5ea6ed2f080df4000697c90c', '5ea6ed2f080df4000697c90f', '5ea6ed30080df4000697c912']",['5e9e2c5cf359188bfb3b266b'],['5eb0e4bdb6c3bb0006eeb1fa'],"[{'core': '5e9e28a1f359186d533b2638', 'flight': 1, 'gridfins': True, 'legs': True, 'reused': False, 'landing_attempt': True, 'landing_success': False, 'landing_type': 'ASDS', 'landpad': '5e9e3032383ecb761634e7cb'}]",None,None,None
5eb87cedffd86e000604b340,TürkmenÄlem 52°E / MonacoSAT,2015-04-27T23:03:00.000Z,5e9d0d95eda69973a809d1ec,5e9e4501f509094ba4566f84,True,[],[],[],['5eb0e4beb6c3bb0006eeb1fb'],"[{'core': '5e9e28a1f35918233f3b2639', 'flight': 1, 'gridfins': False, 'legs': False, 'reused': False, 'landing_attempt': False, 'landing_success': None, 'landing_type': None, 'landpad': None}]",False,False,False
5eb87ceeffd86e000604b341,CRS-7,2015-06-28T14:21:00.000Z,5e9d0d95eda69973a809d1ec,5e9e4501f509094ba4566f84,False,['helium tank overpressure lead to the second stage LOX tank explosion'],"['5ea6ed2e080df4000697c906', '5ea6ed2f080df4000697c90b', '5ea6ed2f080df4000697c90c']",['5e9e2c5cf35918407d3b266c'],['5eb0e4beb6c3bb0006eeb1fc'],"[{'core': '5e9e28a1f35918683c3b263a', 'flight': 1, 'gridfins': True, 'legs': True, 'reused': False, 'landing_attempt': True, 'landing_success': None, 'landing_type': 'ASDS', 'landpad': '5e9e3032383ecb6bb234e7ca'}]",None,None,None
5eb87cefffd86e000604b342,OG-2 Mission 2,2015-12-22T01:29:00.000Z,5e9d0d95eda69973a809d1ec,5e9e4501f509094ba4566f84,True,[],[],[],['5eb0e4beb6c3bb0006eeb1fd'],"[{'core': '5e9e28a1f3591867753b263b', 'flight': 1, 'gridfins': True, 'legs': True, 'reused': False, 'landing_attempt': True, 'landing_success': True, 'landing_type': 'RTLS', 'landpad': '5e9e3032383ecb267a34e7c7'}]",False,False,False
5eb87cf0ffd86e000604b343,Jason 3,2016-01-17T15:42:00.000Z,5e9d0d95eda69973a809d1ec,5e9e4502f509092b78566f87,True,[],"['5ea6ed2f080df4000697c910', '5ea6ed30080df4000697c912', '5ea6ed30080df4000697c914']",[],['5eb0e4beb6c3bb0006eeb1fe'],"[{'core': '5e9e28a1f3591842fa3b263c', 'flight': 1, 'gridfins': True, 'legs': True, 'reused': False, 'landing_attempt': True, 'landing_success': False, 'landing_type': 'ASDS', 'landpad': '5e9e3033383ecbb9e534e7cc'}]",False,False,False
5eb87cf2ffd86e000604b344,SES-9,2016-03-04T23:35:00.000Z,5e9d0d95eda69973a809d1ec,5e9e4501f509094ba4566f84,True,[],"['5ea6ed2e080df4000697c906', '5ea6ed2f080df4000697c90b', '5ea6ed2f080df4000697c90c', '5ea6ed30080df4000697c913']",[],['5eb0e4beb6c3bb0006eeb1ff'],"[{'core': '5e9e28a1f359188def3b263d', 'flight': 1, 'gridfins': True, 'legs': True, 'reused': False, 'landing_attempt': True, 'landing_success': False, 'landing_type': 'ASDS', 'landpad': '5e9e3032383ecb6bb234e7ca'}]",False,False,False
5eb87cf3ffd86e000604b345,CRS-8,2016-04-08T20:43:00.000Z,5e9d0d95eda69973a809d1ec,5e9e4501f509094ba4566f84,True,[],"['5ea6ed2e080df4000697c906', '5ea6ed2f080df4000697c90b', '5ea6ed2f080df4000697c90c', '5ea6ed30080df4000697c912', '5ea6ed30080df4000697c913']",['5e9e2c5cf3591885d43b266d'],['5eb0e4bfb6c3bb0006eeb200'],"[{'core': '5e9e28a2f359182d0b3b263e', 'flight': 1, 'gridfins': True, 'legs': True, 'reused': False, 'landing_attempt': True, 'landing_success': True, 'landing_type': 'ASDS', 'landpad': '5e9e3032383ecb6bb234e7ca'}]",None,None,None
5eb87cf5ffd86e000604b346,JCSAT-2B,2016-05-06T05:21:00.000Z,5e9d0d95eda69973a809d1ec,5e9e4501f509094ba4566f84,True,[],"['5ea6ed2e080df4000697c906', '5ea6ed2f080df4000697c90b', '5ea6ed2f080df4000697c90c']",[],['5eb0e4bfb6c3bb0006eeb201'],"[{'core': '5e9e28a2f35918077b3b263f', 'flight': 1, 'gridfins': True, 'legs': True, 'reused': False, 'landing_attempt': True, 'landing_success': True, 'landing_type': 'ASDS', 'landpad': '5e9e3032383ecb6bb234e7ca'}]",False,False,False
5eb87cf6ffd86e000604b347,Thaicom 8,2016-05-27T21:39:00.000Z,5e9d0d95eda69973a809d1ec,5e9e4501f509094ba4566f84,True,[],"['5ea6ed2e080df4000697c906', '5ea6ed2f080df4000697c90b', '5ea6ed2f080df4000697c90c', '5ea6ed30080df4000697c913']",[],['5eb0e4bfb6c3bb0006eeb202'],"[{'core': '5e9e28a2f3591845c73b2640', 'flight': 1, 'gridfins': True, 'legs': True, 'reused': False, 'landing_attempt': True, 'landing_success': True, 'landing_type': 'ASDS', 'landpad': '5e9e3032383ecb6bb234e7ca'}]",False,False,False
5eb87cf8ffd86e000604b348,ABS-2A / Eutelsat 117W B,2016-06-15T14:29:00.000Z,5e9d0d95eda69973a809d1ec,5e9e4501f509094ba4566f84,True,[],"['5ea6ed2e080df4000697c906', '5ea6ed2f080df4000697c90b', '5ea6ed2f080df4000697c90c', '5ea6ed30080df4000697c913']",[],"['5eb0e4bfb6c3bb0006eeb203', '5eb0e4bfb6c3bb0006eeb204']","[{'core': '5e9e28a2f359184f403b2641', 'flight': 1, 'gridfins': True, 'legs': True, 'reused': False, 'landing_attempt': True, 'landing_success': False, 'landing_type': 'ASDS', 'landpad': '5e9e3032383ecb6bb234e7ca'}]",False,False,False
5eb87cf9ffd86e000604b349,CRS-9,2016-07-18T04:45:00.000Z,5e9d0d95eda69973a809d1ec,5e9e4501f509094ba4566f84,True,[],"['5ea6ed2e080df4000697c906', '5ea6ed2f080df4000697c90b', '5ea6ed2f080df4000697c90c', '5ea6ed30080df4000697c912']",['5e9e2c5cf359183bb73b266e'],['5eb0e4c0b6c3bb0006eeb205'],"[{'core': '5e9e28a2f359187f273b2642', 'flight': 1, 'gridfins': True, 'legs': True, 'reused': False, 'landing_attempt': True, 'landing_success': True, 'landing_type': 'RTLS', 'landpad': '5e9e3032383ecb267a34e7c7'}]",None,None,None
5eb87cfaffd86e000604b34a,JCSAT-16,2016-08-14T05:26:00.000Z,5e9d0d95eda69973a809d1ec,5e9e4501f509094ba4566f84,True,[],"['5ea6ed2e080df4000697c906', '5ea6ed2f080df4000697c90b', '5ea6ed2f080df4000697c90c', '5ea6ed30080df4000697c913']",[],['5eb0e4c1b6c3bb0006eeb206'],"[{'core': '5e9e28a2f35918b8243b2643', 'flight': 1, 'gridfins': True, 'legs': True, 'reused': False, 'landing_attempt': True, 'landing_success': True, 'landing_type': 'ASDS', 'landpad': '5e9e3032383ecb6bb234e7ca'}]",False,False,False
5eb87cfbffd86e000604b34b,Amos-6,2016-09-01T13:07:00.000Z,5e9d0d95eda69973a809d1ec,5e9e4501f509094ba4566f84,False,"['buckled liner in several of the COPV tanks, causing perforations that allowed liquid and/or solid oxygen to accumulate underneath the lining, which was ignited by friction.']",[],[],['5eb0e4c1b6c3bb0006eeb207'],"[{'core': '5e9e28a2f359187ee83b2644', 'flight': 1, 'gridfins': True, 'legs': True, 'reused': False, 'landing_attempt': True, 'landing_success': None, 'landing_type': 'ASDS', 'landpad': '5e9e3032383ecb6bb234e7ca'}]",False,False,False
5eb87cfdffd86e000604b34c,Iridium NEXT Mission 1,2017-01-14T17:54:00.000Z,5e9d0d95eda69973a809d1ec,5e9e4502f509092b78566f87,True,[],"['5ea6ed2f080df4000697c910', '5ea6ed30080df4000697c912', '5ea6ed30080df4000697c915']",[],['5eb0e4c2b6c3bb0006eeb208'],"[{'core': '5e9e28a3f359189e3a3b2645', 'flight': 1, 'gridfins': True, 'legs': True, 'reused': False, 'landing_attempt': True, 'landing_success': True, 'landing_type': 'ASDS', 'landpad': '5e9e3033383ecbb9e534e7cc'}]",False,False,False
5eb87cfeffd86e000604b34d,CRS-10,2017-02-19T14:39:00.000Z,5e9d0d95eda69973a809d1ec,5e9e4502f509094188566f88,True,[],['5ea6ed30080df4000697c912'],['5e9e2c5cf359185d753b266f'],['5eb0e4c3b6c3bb0006eeb209'],"[{'core': '5e9e28a3f3591829dc3b2646', 'flight': 1, 'gridfins': True, 'legs': True, 'reused': False, 'landing_attempt': True, 'landing_success': True, 'landing_type': 'RTLS', 'landpad': '5e9e3032383ecb267a34e7c7'}]",None,None,None
5eb87cfeffd86e000604b34e,EchoStar 23,2017-03-16T06:00:00.000Z,5e9d0d95eda69973a809d1ec,5e9e4502f509094188566f88,True,[],[],[],['5eb0e4c3b6c3bb0006eeb20a'],"[{'core': '5e9e28a3f3591878473b2647', 'flight': 1, 'gridfins': False, 'legs': False, 'reused': False, 'landing_attempt': False, 'landing_success': None, 'landing_type': None, 'landpad': None}]",False,False,False
5eb87d00ffd86e000604b34f,SES-10,2017-03-30T22:27:00.000Z,5e9d0d95eda69973a809d1ec,5e9e4502f509094188566f88,True,[],"['5ea6ed2e080df4000697c906', '5ea6ed2f080df4000697c90b', '5ea6ed2f080df4000697c90c', '5ea6ed30080df4000697c913']",[],['5eb0e4c3b6c3bb0006eeb20b'],"[{'core': '5e9e28a2f359182d0b3b263e', 'flight': 2, 'gridfins': True, 'legs': True, 'reused': True, 'landing_attempt': True, 'landing_success': True, 'landing_type': 'ASDS', 'landpad': '5e9e3032383ecb6bb234e7ca'}]",False,False,False
5eb87d01ffd86e000604b350,NROL-76,2017-05-01T11:15:00.000Z,5e9d0d95eda69973a809d1ec,5e9e4502f509094188566f88,True,[],['5ea6ed2f080df4000697c90c'],[],['5eb0e4c3b6c3bb0006eeb20c'],"[{'core': '5e9e28a3f3591811f83b2648', 'flight': 1, 'gridfins': True, 'legs': True, 'reused': False, 'landing_attempt': True, 'landing_success': True, 'landing_type': 'RTLS', 'landpad': '5e9e3032383ecb267a34e7c7'}]",False,False,False
5eb87d01ffd86e000604b351,Inmarsat-5 F4,2017-05-15T23:21:00.000Z,5e9d0d95eda69973a809d1ec,5e9e4502f509094188566f88,True,[],[],[],['5eb0e4c3b6c3bb0006eeb20d'],"[{'core': '5e9e28a3f359186f3f3b2649', 'flight': 1, 'gridfins': False, 'legs': False, 'reused': False, 'landing_attempt': False, 'landing_success': None, 'landing_type': None, 'landpad': None}]",False,False,False
5eb87d03ffd86e000604b352,CRS-11,2017-06-03T21:07:00.000Z,5e9d0d95eda69973a809d1ec,5e9e4502f509094188566f88,True,[],['5ea6ed30080df4000697c912'],['5e9e2c5bf3591880643b2669'],['5eb0e4c4b6c3bb0006eeb20e'],"[{'core': '5e9e28a3f3591856803b264a', 'flight': 1, 'gridfins': True, 'legs': True, 'reused': False, 'landing_attempt': True, 'landing_success': True, 'landing_type': 'RTLS', 'landpad': '5e9e3032383ecb267a34e7c7'}]",None,None,None
5eb87d04ffd86e000604b353,BulgariaSat-1,2017-06-23T19:10:00.000Z,5e9d0d95eda69973a809d1ec,5e9e4502f509094188566f88,True,[],"['5ea6ed2e080df4000697c906', '5ea6ed2f080df4000697c90b', '5ea6ed2f080df4000697c90c', '5ea6ed30080df4000697c913']",[],['5eb0e4c4b6c3bb0006eeb20f'],"[{'core': '5e9e28a3f359189e3a3b2645', 'flight': 2, 'gridfins': True, 'legs': True, 'reused': True, 'landing_attempt': True, 'landing_success': True, 'landing_type': 'ASDS', 'landpad': '5e9e3032383ecb6bb234e7ca'}]",False,False,False
5eb87d05ffd86e000604b354,Iridium NEXT Mission 2,2017-06-25T20:25:00.000Z,5e9d0d95eda69973a809d1ec,5e9e4502f509092b78566f87,True,[],"['5ea6ed2f080df4000697c910', '5ea6ed2f080df4000697c911', '5ea6ed30080df4000697c912']",[],['5eb0e4c4b6c3bb0006eeb210'],"[{'core': '5e9e28a3f3591801cf3b264b', 'flight': 1, 'gridfins': True, 'legs': True, 'reused': False, 'landing_attempt': True, 'landing_success': True, 'landing_type': 'ASDS', 'landpad': '5e9e3033383ecbb9e534e7cc'}]",False,False,False
5eb87d06ffd86e000604b355,Intelsat 35e,2017-07-05T23:35:00.000Z,5e9d0d95eda69973a809d1ec,5e9e4502f509094188566f88,True,[],[],[],['5eb0e4c4b6c3bb0006eeb211'],"[{'core': '5e9e28a4f3591850cc3b264c', 'flight': 1, 'gridfins': False, 'legs': False, 'reused': False, 'landing_attempt': False, 'landing_success': None, 'landing_type': None, 'landpad': None}]",False,False,False
5eb87d07ffd86e000604b356,CRS-12,2017-08-14T16:31:00.000Z,5e9d0d95eda69973a809d1ec,5e9e4502f509094188566f88,True,[],['5ea6ed30080df4000697c912'],['5e9e2c5cf3591869b63b2670'],['5eb0e4c4b6c3bb0006eeb212'],"[{'core': '5e9e28a4f3591884ee3b264d', 'flight': 1, 'gridfins': True, 'legs': True, 'reused': False, 'landing_attempt': True, 'landing_success': True, 'landing_type': 'RTLS', 'landpad': '5e9e3032383ecb267a34e7c7'}]",None,None,None
5eb87d08ffd86e000604b357,FormoSat-5,2017-08-24T18:50:00.000Z,5e9d0d95eda69973a809d1ec,5e9e4502f509092b78566f87,True,[],"['5ea6ed2e080df4000697c905', '5ea6ed2f080df4000697c910']",[],['5eb0e4c4b6c3bb0006eeb213'],"[{'core': '5e9e28a4f359182d843b264e', 'flight': 1, 'gridfins': True, 'legs': True, 'reused': False, 'landing_attempt': True, 'landing_success': True, 'landing_type': 'ASDS', 'landpad': '5e9e3033383ecbb9e534e7cc'}]",False,False,False
5eb87d09ffd86e000604b358,Boeing X-37B OTV-5,2017-09-07T13:50:00.000Z,5e9d0d95eda69973a809d1ec,5e9e4502f509094188566f88,True,[],"['5ea6ed2e080df4000697c906', '5ea6ed2f080df4000697c90b']",[],['5eb0e4c5b6c3bb0006eeb214'],"[{'core': '5e9e28a4f3591845123b264f', 'flight': 1, 'gridfins': True, 'legs': True, 'reused': False, 'landing_attempt': True, 'landing_success': True, 'landing_type': 'RTLS', 'landpad': '5e9e3032383ecb267a34e7c7'}]",False,False,False
5eb87d0affd86e000604b359,Iridium NEXT Mission 3,2017-10-09T12:37:00.000Z,5e9d0d95eda69973a809d1ec,5e9e4502f509092b78566f87,True,[],"['5ea6ed2e080df4000697c905', '5ea6ed2f080df4000697c910']",[],['5eb0e4c5b6c3bb0006eeb215'],"[{'core': '5e9e28a4f3591843103b2650', 'flight': 1, 'gridfins': True, 'legs': True, 'reused': False, 'landing_attempt': True, 'landing_success': True, 'landing_type': 'ASDS', 'landpad': '5e9e3033383ecbb9e534e7cc'}]",False,False,False
5eb87d0cffd86e000604b35a,SES-11 / Echostar 105,2017-10-11T22:53:00.000Z,5e9d0d95eda69973a809d1ec,5e9e4502f509094188566f88,True,[],"['5ea6ed2f080df4000697c90b', '5ea6ed2f080df4000697c90d', '5ea6ed30080df4000697c913']",[],['5eb0e4c5b6c3bb0006eeb216'],"[{'core': '5e9e28a3f3591829dc3b2646', 'flight': 2, 'gridfins': True, 'legs': True, 'reused': True, 'landing_attempt': True, 'landing_success': True, 'landing_type': 'ASDS', 'landpad': '5e9e3032383ecb6bb234e7ca'}]",False,False,False
5eb87d0dffd86e000604b35b,KoreaSat 5A,2017-10-30T19:34:00.000Z,5e9d0d95eda69973a809d1ec,5e9e4502f509094188566f88,True,[],"['5ea6ed2f080df4000697c90d', '5ea6ed2e080df4000697c908', '5ea6ed30080df4000697c913']",[],['5eb0e4c5b6c3bb0006eeb217'],"[{'core': '5e9e28a4f359185cc03b2651', 'flight': 1, 'gridfins': True, 'legs': True, 'reused': False, 'landing_attempt': True, 'landing_success': True, 'landing_type': 'ASDS', 'landpad': '5e9e3032383ecb6bb234e7ca'}]",False,True,False
5eb87d0effd86e000604b35c,CRS-13,2017-12-15T15:36:00.000Z,5e9d0d95eda69973a809d1ec,5e9e4501f509094ba4566f84,True,[],['5ea6ed30080df4000697c912'],['5e9e2c5cf359188bfb3b266b'],['5eb0e4c5b6c3bb0006eeb218'],"[{'core': '5e9e28a3f3591856803b264a', 'flight': 2, 'gridfins': True, 'legs': True, 'reused': True, 'landing_attempt': True, 'landing_success': True, 'landing_type': 'RTLS', 'landpad': '5e9e3032383ecb267a34e7c7'}]",None,None,None
5eb87d0fffd86e000604b35d,Iridium NEXT Mission 4,2017-12-23T01:27:23.000Z,5e9d0d95eda69973a809d1ec,5e9e4502f509092b78566f87,True,[],['5ea6ed2e080df4000697c908'],[],['5eb0e4c6b6c3bb0006eeb219'],"[{'core': '5e9e28a3f3591801cf3b264b', 'flight': 2, 'gridfins': True, 'legs': False, 'reused': True, 'landing_attempt': True, 'landing_success': True, 'landing_type': 'Ocean', 'landpad': None}]",False,False,False
5eb87d10ffd86e000604b35e,ZUMA,2018-01-08T01:00:00.000Z,5e9d0d95eda69973a809d1ec,5e9e4501f509094ba4566f84,True,[],[],[],['5eb0e4c6b6c3bb0006eeb21a'],"[{'core': '5e9e28a4f35918345e3b2652', 'flight': 1, 'gridfins': True, 'legs': True, 'reused': False, 'landing_attempt': True, 'landing_success': True, 'landing_type': 'RTLS', 'landpad': '5e9e3032383ecb267a34e7c7'}]",False,False,False
5eb87d11ffd86e000604b35f,SES-16 / GovSat-1,2018-01-31T21:25:00.000Z,5e9d0d95eda69973a809d1ec,5e9e4501f509094ba4566f84,True,[],['5ea6ed2f080df4000697c90b'],[],['5eb0e4c6b6c3bb0006eeb21b'],"[{'core': '5e9e28a3f3591811f83b2648', 'flight': 2, 'gridfins': True, 'legs': True, 'reused': True, 'landing_attempt': True, 'landing_success': True, 'landing_type': 'Ocean', 'landpad': None}]",False,False,False
5eb87d13ffd86e000604b360,Falcon Heavy Test Flight,2018-02-06T20:45:00.000Z,5e9d0d95eda69974db09d1ed,5e9e4502f509094188566f88,True,[],"['5ea6ed2f080df4000697c90c', '5ea6ed2f080df4000697c90d', '5ea6ed30080df4000697c913']",[],['5eb0e4c6b6c3bb0006eeb21c'],"[{'core': '5e9e28a5f359187f703b2653', 'flight': 1, 'gridfins': True, 'legs': True, 'reused': False, 'landing_attempt': True, 'landing_success': False, 'landing_type': 'ASDS', 'landpad': '5e9e3032383ecb6bb234e7ca'}, {'core': '5e9e28a2f359187f273b2642', 'flight': 2, 'gridfins': True, 'legs': True, 'reused': True, 'landing_attempt': True, 'landing_success': True, 'landing_type': 'RTLS', 'landpad': '5e9e3032383ecb90a834e7c8'}, {'core': '5e9e28a2f3591845c73b2640', 'flight': 2, 'gridfins': True, 'legs': True, 'reused': True, 'landing_attempt': True, 'landing_success': True, 'landing_type': 'RTLS', 'landpad': '5e9e3032383ecb267a34e7c7'}]",False,False,False
5eb87d14ffd86e000604b361,Paz / Starlink Demo,2018-02-22T14:17:00.000Z,5e9d0d95eda69973a809d1ec,5e9e4502f509092b78566f87,True,[],['5ea6ed2e080df4000697c908'],[],"['5eb0e4c6b6c3bb0006eeb21d', '5eb0e4c6b6c3bb0006eeb21e']","[{'core': '5e9e28a4f359182d843b264e', 'flight': 2, 'gridfins': True, 'legs': False, 'reused': True, 'landing_attempt': False, 'landing_success': None, 'landing_type': None, 'landpad': None}]",False,True,False
5eb87d15ffd86e000604b362,Hispasat 30W-6,2018-03-06T05:33:00.000Z,5e9d0d95eda69973a809d1ec,5e9e4501f509094ba4566f84,True,[],[],[],['5eb0e4c7b6c3bb0006eeb21f'],"[{'core': '5e9e28a5f359186cb73b2654', 'flight': 1, 'gridfins': True, 'legs': True, 'reused': False, 'landing_attempt': False, 'landing_success': None, 'landing_type': None, 'landpad': None}]",False,False,False
5eb87d16ffd86e000604b363,Iridium NEXT Mission 5,2018-03-30T14:13:51.000Z,5e9d0d95eda69973a809d1ec,5e9e4502f509092b78566f87,True,[],['5ea6ed2e080df4000697c908'],[],['5eb0e4c7b6c3bb0006eeb220'],"[{'core': '5e9e28a4f3591843103b2650', 'flight': 2, 'gridfins': True, 'legs': True, 'reused': True, 'landing_attempt': False, 'landing_success': None, 'landing_type': None, 'landpad': None}]",False,True,False
5eb87d16ffd86e000604b364,CRS-14,2018-04-02T20:30:41.000Z,5e9d0d95eda69973a809d1ec,5e9e4501f509094ba4566f84,True,[],['5ea6ed30080df4000697c912'],['5e9e2c5cf3591885d43b266d'],['5eb0e4c7b6c3bb0006eeb221'],"[{'core': '5e9e28a4f3591884ee3b264d', 'flight': 2, 'gridfins': True, 'legs': True, 'reused': True, 'landing_attempt': False, 'landing_success': None, 'landing_type': None, 'landpad': None}]",None,None,None
5eb87d18ffd86e000604b365,TESS,2018-04-18T22:51:00.000Z,5e9d0d95eda69973a809d1ec,5e9e4501f509094ba4566f84,True,[],"['5ea6ed2e080df4000697c90a', '5ea6ed2f080df4000697c90b', '5ea6ed2f080df4000697c90d', '5ea6ed30080df4000697c913']",[],['5eb0e4c7b6c3bb0006eeb222'],"[{'core': '5e9e28a5f35918863d3b2655', 'flight': 1, 'gridfins': True, 'legs': True, 'reused': False, 'landing_attempt': True, 'landing_success': True, 'landing_type': 'ASDS', 'landpad': '5e9e3032383ecb6bb234e7ca'}]",False,False,False
5eb87d19ffd86e000604b366,Bangabandhu-1,2018-05-11T20:14:00.000Z,5e9d0d95eda69973a809d1ec,5e9e4502f509094188566f88,True,[],"['5ea6ed2e080df4000697c90a', '5ea6ed2f080df4000697c90b', '5ea6ed30080df4000697c913', '5ea6ed30080df4000697c916']",[],['5eb0e4c7b6c3bb0006eeb223'],"[{'core': '5e9e28a5f359182b023b2656', 'flight': 1, 'gridfins': True, 'legs': True, 'reused': False, 'landing_attempt': True, 'landing_success': True, 'landing_type': 'ASDS', 'landpad': '5e9e3032383ecb6bb234e7ca'}]",False,False,False
5eb87d1affd86e000604b367,Iridium NEXT Mission 6,2018-05-22T19:47:58.000Z,5e9d0d95eda69973a809d1ec,5e9e4502f509092b78566f87,True,[],['5ea6ed2e080df4000697c908'],[],"['5eb0e4c7b6c3bb0006eeb224', '5eb0e4c8b6c3bb0006eeb225']","[{'core': '5e9e28a4f35918345e3b2652', 'flight': 2, 'gridfins': True, 'legs': False, 'reused': True, 'landing_attempt': False, 'landing_success': None, 'landing_type': None, 'landpad': None}]",False,True,False
5eb87d1bffd86e000604b368,SES-12,2018-06-04T04:45:00.000Z,5e9d0d95eda69973a809d1ec,5e9e4501f509094ba4566f84,True,[],['5ea6ed2e080df4000697c90a'],[],['5eb0e4c8b6c3bb0006eeb226'],"[{'core': '5e9e28a4f3591845123b264f', 'flight': 2, 'gridfins': False, 'legs': False, 'reused': True, 'landing_attempt': False, 'landing_success': None, 'landing_type': None, 'landpad': None}]",False,False,False
5eb87d1cffd86e000604b369,CRS-15,2018-06-29T09:42:00.000Z,5e9d0d95eda69973a809d1ec,5e9e4501f509094ba4566f84,True,[],['5ea6ed30080df4000697c912'],['5e9e2c5cf359183bb73b266e'],['5eb0e4c8b6c3bb0006eeb227'],"[{'core': '5e9e28a5f35918863d3b2655', 'flight': 2, 'gridfins': False, 'legs': False, 'reused': True, 'landing_attempt': False, 'landing_success': None, 'landing_type': None, 'landpad': None}]",None,None,None
5eb87d1effd86e000604b36a,Telstar 19V,2018-07-22T05:50:00.000Z,5e9d0d95eda69973a809d1ec,5e9e4501f509094ba4566f84,True,[],"['5ea6ed2e080df4000697c90a', '5ea6ed2f080df4000697c90b', '5ea6ed2f080df4000697c90d', '5ea6ed30080df4000697c913']",[],['5eb0e4c8b6c3bb0006eeb228'],"[{'core': '5e9e28a5f359181eed3b2657', 'flight': 1, 'gridfins': True, 'legs': True, 'reused': False, 'landing_attempt': True, 'landing_success': True, 'landing_type': 'ASDS', 'landpad': '5e9e3032383ecb6bb234e7ca'}]",False,False,False
5eb87d1fffd86e000604b36b,Iridium NEXT Mission 7,2018-07-25T11:39:26.000Z,5e9d0d95eda69973a809d1ec,5e9e4502f509092b78566f87,True,[],"['5ea6ed2f080df4000697c910', '5ea6ed2e080df4000697c908', '5ea6ed30080df4000697c912', '5ea6ed30080df4000697c914']",[],['5eb0e4c9b6c3bb0006eeb229'],"[{'core': '5e9e28a5f3591809c03b2658', 'flight': 1, 'gridfins': True, 'legs': True, 'reused': False, 'landing_attempt': True, 'landing_success': True, 'landing_type': 'ASDS', 'landpad': '5e9e3033383ecbb9e534e7cc'}]",False,True,False
5eb87d20ffd86e000604b36c,Merah Putih,2018-08-07T05:18:00.000Z,5e9d0d95eda69973a809d1ec,5e9e4501f509094ba4566f84,True,[],"['5ea6ed2f080df4000697c90d', '5ea6ed30080df4000697c913']",[],['5eb0e4c9b6c3bb0006eeb22a'],"[{'core': '5e9e28a5f359182b023b2656', 'flight': 2, 'gridfins': True, 'legs': True, 'reused': True, 'landing_attempt': True, 'landing_success': True, 'landing_type': 'ASDS', 'landpad': '5e9e3032383ecb6bb234e7ca'}]",False,False,False
5eb87d22ffd86e000604b36d,Telstar 18V,2018-09-10T04:45:00.000Z,5e9d0d95eda69973a809d1ec,5e9e4501f509094ba4566f84,True,[],"['5ea6ed30080df4000697c913', '5ea6ed2f080df4000697c90d', '5ea6ed2f080df4000697c90b']",[],['5eb0e4c9b6c3bb0006eeb22b'],"[{'core': '5e9e28a5f3591833b13b2659', 'flight': 1, 'gridfins': True, 'legs': True, 'reused': False, 'landing_attempt': True, 'landing_success': True, 'landing_type': 'ASDS', 'landpad': '5e9e3032383ecb6bb234e7ca'}]",False,False,False
5eb87d23ffd86e000604b36e,SAOCOM 1A,2018-10-08T02:22:00.000Z,5e9d0d95eda69973a809d1ec,5e9e4502f509092b78566f87,True,[],[],[],['5eb0e4c9b6c3bb0006eeb22c'],"[{'core': '5e9e28a5f3591809c03b2658', 'flight': 2, 'gridfins': True, 'legs': True, 'reused': True, 'landing_attempt': True, 'landing_success': True, 'landing_type': 'RTLS', 'landpad': '5e9e3032383ecb554034e7c9'}]",False,False,False
5eb87d24ffd86e000604b36f,Es'hail 2,2018-11-15T20:46:00.000Z,5e9d0d95eda69973a809d1ec,5e9e4502f509094188566f88,True,[],"['5ea6ed2f080df4000697c90d', '5ea6ed30080df4000697c913']",[],['5eb0e4c9b6c3bb0006eeb22d'],"[{'core': '5e9e28a5f359181eed3b2657', 'flight': 2, 'gridfins': True, 'legs': True, 'reused': True, 'landing_attempt': True, 'landing_success': True, 'landing_type': 'ASDS', 'landpad': '5e9e3032383ecb6bb234e7ca'}]",False,False,False
5eb87d25ffd86e000604b370,SSO-A,2018-12-03T18:34:00.000Z,5e9d0d95eda69973a809d1ec,5e9e4502f509092b78566f87,True,[],"['5ea6ed2f080df4000697c910', '5ea6ed30080df4000697c912', '5ea6ed30080df4000697c914', '5ea6ed2e080df4000697c908']",[],['5eb0e4c9b6c3bb0006eeb22e'],"[{'core': '5e9e28a5f359182b023b2656', 'flight': 3, 'gridfins': True, 'legs': True, 'reused': True, 'landing_attempt': True, 'landing_success': True, 'landing_type': 'ASDS', 'landpad': '5e9e3033383ecbb9e534e7cc'}]",False,True,False
5eb87d26ffd86e000604b371,CRS-16,2018-12-05T18:16:00.000Z,5e9d0d95eda69973a809d1ec,5e9e4501f509094ba4566f84,True,[],['5ea6ed2f080df4000697c90b'],['5e9e2c5cf359185d753b266f'],['5eb0e4cab6c3bb0006eeb22f'],"[{'core': '5e9e28a6f359185c603b265a', 'flight': 1, 'gridfins': True, 'legs': True, 'reused': False, 'landing_attempt': True, 'landing_success': False, 'landing_type': 'RTLS', 'landpad': '5e9e3032383ecb267a34e7c7'}]",None,None,None
5eb87d27ffd86e000604b372,GPS III SV01,2018-12-23T13:51:00.000Z,5e9d0d95eda69973a809d1ec,5e9e4501f509094ba4566f84,True,[],[],[],['5eb0e4cab6c3bb0006eeb230'],"[{'core': '5e9e28a6f35918513b3b265b', 'flight': 1, 'gridfins': False, 'legs': False, 'reused': False, 'landing_attempt': False, 'landing_success': None, 'landing_type': None, 'landpad': None}]",False,False,False
5eb87d28ffd86e000604b373,Iridium NEXT Mission 8,2019-01-11T15:31:00.000Z,5e9d0d95eda69973a809d1ec,5e9e4502f509092b78566f87,True,[],"['5ea6ed2f080df4000697c910', '5ea6ed30080df4000697c912', '5ea6ed30080df4000697c914']",[],['5eb0e4cab6c3bb0006eeb231'],"[{'core': '5e9e28a5f3591833b13b2659', 'flight': 2, 'gridfins': True, 'legs': True, 'reused': True, 'landing_attempt': True, 'landing_success': True, 'landing_type': 'ASDS', 'landpad': '5e9e3033383ecbb9e534e7cc'}]",False,False,
5eb87d2affd86e000604b374,Nusantara Satu (PSN-6) / S5 / Beresheet,2019-02-22T01:45:00.000Z,5e9d0d95eda69973a809d1ec,5e9e4501f509094ba4566f84,True,[],['5ea6ed30080df4000697c913'],[],"['5eb0e4cab6c3bb0006eeb232', '5eb0e4cab6c3bb0006eeb233', '5eb0e4cab6c3bb0006eeb234']","[{'core': '5e9e28a5f3591809c03b2658', 'flight': 3, 'gridfins': True, 'legs': True, 'reused': True, 'landing_attempt': True, 'landing_success': True, 'landing_type': 'ASDS', 'landpad': '5e9e3032383ecb6bb234e7ca'}]",False,False,False
5eb87d2bffd86e000604b375,CCtCap Demo Mission 1,2019-03-02T07:45:00.000Z,5e9d0d95eda69973a809d1ec,5e9e4502f509094188566f88,True,[],['5ea6ed30080df4000697c913'],['5e9e2c5df35918b1063b2671'],['5eb0e4cbb6c3bb0006eeb235'],"[{'core': '5e9e28a6f35918c0803b265c', 'flight': 1, 'gridfins': True, 'legs': True, 'reused': False, 'landing_attempt': True, 'landing_success': True, 'landing_type': 'ASDS', 'landpad': '5e9e3032383ecb6bb234e7ca'}]",,,
5eb87d2dffd86e000604b376,ArabSat 6A,2019-04-11T22:35:00.000Z,5e9d0d95eda69974db09d1ed,5e9e4502f509094188566f88,True,[],"['5ea6ed2f080df4000697c90e', '5ea6ed30080df4000697c913', '5ea6ed2f080df4000697c90b', '5ea6ed2e080df4000697c909', '5ea6ed2f080df4000697c90c']",[],['5eb0e4cbb6c3bb0006eeb236'],"[{'core': '5e9e28a6f3591897453b265f', 'flight': 1, 'gridfins': True, 'legs': True, 'reused': False, 'landing_attempt': True, 'landing_success': True, 'landing_type': 'ASDS', 'landpad': '5e9e3032383ecb6bb234e7ca'}, {'core': '5e9e28a6f359183c413b265d', 'flight': 1, 'gridfins': True, 'legs': True, 'reused': False, 'landing_attempt': True, 'landing_success': True, 'landing_type': 'RTLS', 'landpad': '5e9e3032383ecb267a34e7c7'}, {'core': '5e9e28a6f359188fd53b265e', 'flight': 1, 'gridfins': True, 'legs': True, 'reused': False, 'landing_attempt': True, 'landing_success': True, 'landing_type': 'RTLS', 'landpad': '5e9e3032383ecb90a834e7c8'}]",False,True,True
5eb87d2effd86e000604b377,CRS-17,2019-05-04T06:48:00.000Z,5e9d0d95eda69973a809d1ec,5e9e4501f509094ba4566f84,True,[],"['5ea6ed30080df4000697c913', '5ea6ed2f080df4000697c90e', '5ea6ed2f080df4000697c90b']",['5e9e2c5cf3591869b63b2670'],['5eb0e4cbb6c3bb0006eeb237'],"[{'core': '5e9e28a7f3591809313b2660', 'flight': 1, 'gridfins': True, 'legs': True, 'reused': False, 'landing_attempt': True, 'landing_success': True, 'landing_type': 'ASDS', 'landpad': '5e9e3032383ecb6bb234e7ca'}]",None,None,None
5eb87d30ffd86e000604b378,Starlink v0.9,2019-05-24T02:30:00.000Z,5e9d0d95eda69973a809d1ec,5e9e4501f509094ba4566f84,True,[],"['5ea6ed30080df4000697c913', '5ea6ed2f080df4000697c90c', '5ea6ed2f080df4000697c90e', '5ea6ed2f080df4000697c90b', '5ea6ed2e080df4000697c909']",[],['5eb0e4cbb6c3bb0006eeb238'],"[{'core': '5e9e28a5f3591833b13b2659', 'flight': 3, 'gridfins': True, 'legs': True, 'reused': True, 'landing_attempt': True, 'landing_success': True, 'landing_type': 'ASDS', 'landpad': '5e9e3032383ecb6bb234e7ca'}]",False,True,True
5eb87d31ffd86e000604b379,RADARSAT Constellation,2019-06-12T14:17:00.000Z,5e9d0d95eda69973a809d1ec,5e9e4502f509092b78566f87,True,[],[],[],['5eb0e4ccb6c3bb0006eeb239'],"[{'core': '5e9e28a6f35918c0803b265c', 'flight': 2, 'gridfins': True, 'legs': True, 'reused': True, 'landing_attempt': True, 'landing_success': True, 'landing_type': 'RTLS', 'landpad': '5e9e3032383ecb554034e7c9'}]",False,False,
5eb87d35ffd86e000604b37a,STP-2,2019-06-25T03:30:00.000Z,5e9d0d95eda69974db09d1ed,5e9e4502f509094188566f88,True,[],"['5ea6ed30080df4000697c913', '5ea6ed2f080df4000697c90b', '5ea6ed2e080df4000697c909', '5ea6ed2e080df4000697c908', '5ea6ed2f080df4000697c90e']",[],"['5eb0e4ccb6c3bb0006eeb23a', '5eb0e4ccb6c3bb0006eeb23b', '5eb0e4ccb6c3bb0006eeb23c', '5eb0e4ccb6c3bb0006eeb23d', '5eb0e4ccb6c3bb0006eeb23e', '5eb0e4cdb6c3bb0006eeb23f', '5eb0e4cdb6c3bb0006eeb240', '5eb0e4cdb6c3bb0006eeb241', '5eb0e4cdb6c3bb0006eeb242', '5eb0e4cdb6c3bb0006eeb243', '5eb0e4cdb6c3bb0006eeb244', '5eb0e4cdb6c3bb0006eeb245', '5eb0e4ceb6c3bb0006eeb246', '5eb0e4ceb6c3bb0006eeb247', '5eb0e4ceb6c3bb0006eeb248', '5eb0e4ceb6c3bb0006eeb249']","[{'core': '5e9e28a7f3591878063b2661', 'flight': 1, 'gridfins': True, 'legs': True, 'reused': False, 'landing_attempt': True, 'landing_success': False, 'landing_type': 'ASDS', 'landpad': '5e9e3032383ecb6bb234e7ca'}, {'core': '5e9e28a6f359183c413b265d', 'flight': 2, 'gridfins': True, 'legs': True, 'reused': True, 'landing_attempt': True, 'landing_success': True, 'landing_type': 'RTLS', 'landpad': '5e9e3032383ecb267a34e7c7'}, {'core': '5e9e28a6f359188fd53b265e', 'flight': 2, 'gridfins': True, 'legs': True, 'reused': True, 'landing_attempt': True, 'landing_success': True, 'landing_type': 'RTLS', 'landpad': '5e9e3032383ecb90a834e7c8'}]",False,True,True
5eb87d36ffd86e000604b37b,CRS-18,2019-07-25T22:01:00.000Z,5e9d0d95eda69973a809d1ec,5e9e4501f509094ba4566f84,True,[],[],['5e9e2c5cf359188bfb3b266b'],['5eb0e4ceb6c3bb0006eeb24a'],"[{'core': '5e9e28a7f3591809313b2660', 'flight': 2, 'gridfins': True, 'legs': True, 'reused': True, 'landing_attempt': True, 'landing_success': True, 'landing_type': 'RTLS', 'landpad': '5e9e3032383ecb267a34e7c7'}]",None,None,None
5eb87d37ffd86e000604b37c,Amos-17,2019-08-06T22:52:00.000Z,5e9d0d95eda69973a809d1ec,5e9e4501f509094ba4566f84,True,[],"['5ea6ed2e080df4000697c908', '5ea6ed2e080df4000697c909']",[],['5eb0e4cfb6c3bb0006eeb24b'],"[{'core': '5e9e28a5f359181eed3b2657', 'flight': 3, 'gridfins': False, 'legs': False, 'reused': True, 'landing_attempt': False, 'landing_success': None, 'landing_type': None, 'landpad': None}]",False,True,True
5eb87d39ffd86e000604b37d,Starlink 1,2019-11-11T14:56:00.000Z,5e9d0d95eda69973a809d1ec,5e9e4501f509094ba4566f84,True,[],"['5ea6ed2e080df4000697c908', '5ea6ed30080df4000697c913', '5ea6ed2e080df4000697c909']",[],['5eb0e4cfb6c3bb0006eeb24c'],"[{'core': '5e9e28a5f3591809c03b2658', 'flight': 4, 'gridfins': True, 'legs': True, 'reused': True, 'landing_attempt': True, 'landing_success': True, 'landing_type': 'ASDS', 'landpad': '5e9e3032383ecb6bb234e7ca'}]",True,False,False
5eb87d39ffd86e000604b37e,CRS-19,2019-12-05T17:29:23.000Z,5e9d0d95eda69973a809d1ec,5e9e4501f509094ba4566f84,True,[],[],['5e9e2c5bf3591880643b2669'],['5eb0e4cfb6c3bb0006eeb24d'],"[{'core': '5e9e28a7f359187afd3b2662', 'flight': 1, 'gridfins': True, 'legs': True, 'reused': False, 'landing_attempt': True, 'landing_success': True, 'landing_type': 'ASDS', 'landpad': '5e9e3032383ecb6bb234e7ca'}]",None,None,None
5eb87d3bffd86e000604b37f,JCSat 18 / Kacific 1,2019-12-17T00:10:00.000Z,5e9d0d95eda69973a809d1ec,5e9e4501f509094ba4566f84,True,[],"['5ea6ed2e080df4000697c908', '5ea6ed2e080df4000697c907', '5ea6ed30080df4000697c913']",[],['5eb0e4cfb6c3bb0006eeb24e'],"[{'core': '5e9e28a7f3591809313b2660', 'flight': 3, 'gridfins': True, 'legs': True, 'reused': True, 'landing_attempt': True, 'landing_success': True, 'landing_type': 'ASDS', 'landpad': '5e9e3032383ecb6bb234e7ca'}]",False,True,False
5eb87d3cffd86e000604b380,Starlink 2,2020-01-07T02:19:00.000Z,5e9d0d95eda69973a809d1ec,5e9e4501f509094ba4566f84,True,[],"['5ea6ed2e080df4000697c908', '5ea6ed30080df4000697c913', '5ea6ed2e080df4000697c909', '5ea6ed2f080df4000697c90b', '5ea6ed2f080df4000697c90d']",[],['5eb0e4cfb6c3bb0006eeb24f'],"[{'core': '5e9e28a5f3591833b13b2659', 'flight': 4, 'gridfins': True, 'legs': True, 'reused': True, 'landing_attempt': True, 'landing_success': True, 'landing_type': 'ASDS', 'landpad': '5e9e3032383ecb6bb234e7ca'}]",False,True,False
5eb87d3dffd86e000604b381,Crew Dragon In Flight Abort Test,2020-01-19T14:00:00.000Z,5e9d0d95eda69973a809d1ec,5e9e4502f509094188566f88,True,[],['5ea6ed2f080df4000697c90c'],['5e9e2c5df359184c9a3b2672'],['5eb0e4d0b6c3bb0006eeb250'],"[{'core': '5e9e28a5f359182b023b2656', 'flight': 4, 'gridfins': False, 'legs': False, 'reused': True, 'landing_attempt': False, 'landing_success': None, 'landing_type': None, 'landpad': None}]",,,
5eb87d3fffd86e000604b382,Starlink 3,2020-01-29T14:06:00.000Z,5e9d0d95eda69973a809d1ec,5e9e4501f509094ba4566f84,True,[],"['5ea6ed2e080df4000697c908', '5ea6ed2e080df4000697c907', '5ea6ed30080df4000697c913', '5ea6ed2f080df4000697c90b', '5ea6ed2f080df4000697c90d']",[],['5eb0e4d0b6c3bb0006eeb251'],"[{'core': '5e9e28a6f35918c0803b265c', 'flight': 3, 'gridfins': True, 'legs': True, 'reused': True, 'landing_attempt': True, 'landing_success': True, 'landing_type': 'ASDS', 'landpad': '5e9e3032383ecb6bb234e7ca'}]",False,True,True
5eb87d41ffd86e000604b383,Starlink 4,2020-02-17T15:05:55.000Z,5e9d0d95eda69973a809d1ec,5e9e4501f509094ba4566f84,True,[],"['5ea6ed2e080df4000697c908', '5ea6ed2e080df4000697c907', '5ea6ed2f080df4000697c90b', '5ea6ed30080df4000697c913', '5ea6ed2f080df4000697c90d']",[],['5eb0e4d0b6c3bb0006eeb252'],"[{'core': '5e9e28a7f3591809313b2660', 'flight': 4, 'gridfins': True, 'legs': True, 'reused': True, 'landing_attempt': True, 'landing_success': False, 'landing_type': 'ASDS', 'landpad': '5e9e3032383ecb6bb234e7ca'}]",False,True,False
5eb87d42ffd86e000604b384,CRS-20,2020-03-07T04:50:31.000Z,5e9d0d95eda69973a809d1ec,5e9e4501f509094ba4566f84,True,[],[],['5e9e2c5cf359185d753b266f'],['5eb0e4d0b6c3bb0006eeb253'],"[{'core': '5e9e28a7f359187afd3b2662', 'flight': 2, 'gridfins': True, 'legs': True, 'reused': True, 'landing_attempt': True, 'landing_success': True, 'landing_type': 'RTLS', 'landpad': '5e9e3032383ecb267a34e7c7'}]",None,None,None
5eb87d43ffd86e000604b385,Starlink 5,2020-03-18T12:16:00.000Z,5e9d0d95eda69973a809d1ec,5e9e4502f509094188566f88,True,[],['5ea6ed30080df4000697c913'],[],['5eb0e4d0b6c3bb0006eeb254'],"[{'core': '5e9e28a5f3591809c03b2658', 'flight': 5, 'gridfins': True, 'legs': True, 'reused': True, 'landing_attempt': True, 'landing_success': False, 'landing_type': 'ASDS', 'landpad': '5e9e3032383ecb6bb234e7ca'}]",True,True,False
5eb87d44ffd86e000604b386,Starlink 6,2020-04-22T19:30:00.000Z,5e9d0d95eda69973a809d1ec,5e9e4502f509094188566f88,True,[],"['5ea6ed30080df4000697c913', '5ea6ed2e080df4000697c908', '5ea6ed2e080df4000697c907']",[],['5eb0e4d1b6c3bb0006eeb255'],"[{'core': '5e9e28a6f35918c0803b265c', 'flight': 4, 'gridfins': True, 'legs': True, 'reused': True, 'landing_attempt': True, 'landing_success': True, 'landing_type': 'ASDS', 'landpad': '5e9e3032383ecb6bb234e7ca'}]",True,False,
5eb87d46ffd86e000604b388,CCtCap Demo Mission 2,2020-05-30T19:22:00.000Z,5e9d0d95eda69973a809d1ec,5e9e4502f509094188566f88,True,[],"['5ea6ed30080df4000697c913', '5ea6ed2f080df4000697c90b', '5ea6ed2f080df4000697c90c', '5ea6ed2e080df4000697c909']",['5e9e2c5df359188aba3b2676'],['5eb0e4d1b6c3bb0006eeb257'],"[{'core': '5e9e28a7f3591817f23b2663', 'flight': 1, 'gridfins': True, 'legs': True, 'reused': False, 'landing_attempt': True, 'landing_success': True, 'landing_type': 'ASDS', 'landpad': '5e9e3032383ecb6bb234e7ca'}]",None,None,None
5eb87d45ffd86e000604b387,Starlink 7,2020-06-04T01:25:00.000Z,5e9d0d95eda69973a809d1ec,5e9e4501f509094ba4566f84,True,[],"['5ea6ed2e080df4000697c908', '5ea6ed2e080df4000697c907']",[],['5eb0e4d1b6c3bb0006eeb256'],"[{'core': '5e9e28a5f3591833b13b2659', 'flight': 5, 'gridfins': True, 'legs': True, 'reused': True, 'landing_attempt': True, 'landing_success': True, 'landing_type': 'ASDS', 'landpad': '5e9e3033383ecbb9e534e7cc'}]",False,True,
5eb87d46ffd86e000604b389,Starlink-8 & SkySat 16-18,2020-06-13T09:21:00.000Z,5e9d0d95eda69973a809d1ec,5e9e4501f509094ba4566f84,True,[],"['5ea6ed2e080df4000697c908', '5ea6ed2e080df4000697c907']",[],['5eb0e4d1b6c3bb0006eeb258'],"[{'core': '5e9e28a7f359187afd3b2662', 'flight': 3, 'gridfins': True, 'legs': True, 'reused': True, 'landing_attempt': True, 'landing_success': True, 'landing_type': 'ASDS', 'landpad': '5e9e3032383ecb6bb234e7ca'}]",True,True,
